<?xml version="1.0" encoding="UTF-8"?>
<!DOCTYPE mapper
        PUBLIC "-//mybatis.org//DTD Mapper 3.0//EN"
        "http://mybatis.org/dtd/mybatis-3-mapper.dtd">
<mapper namespace="com.atguigu.gmall.product.mapper.SkuAttrValueMapper">

    <resultMap id="BaseResultMap" type="com.atguigu.gmall.model.product.SkuAttrValue">
            <id property="id" column="id" jdbcType="BIGINT"/>
            <result property="attrId" column="attr_id" jdbcType="BIGINT"/>
            <result property="valueId" column="value_id" jdbcType="BIGINT"/>
            <result property="skuId" column="sku_id" jdbcType="BIGINT"/>
    </resultMap>

    <sql id="Base_Column_List">
        id,attr_id,value_id,
        sku_id
    </sql>
</mapper>
