<?xml version="1.0" encoding="UTF-8"?>
<!DOCTYPE mapper
        PUBLIC "-//mybatis.org//DTD Mapper 3.0//EN"
        "http://mybatis.org/dtd/mybatis-3-mapper.dtd">
<mapper namespace="com.atguigu.gmall.product.mapper.SkuImageMapper">

    <resultMap id="BaseResultMap" type="com.atguigu.gmall.model.product.SkuImage">
            <id property="id" column="id" jdbcType="BIGINT"/>
            <result property="skuId" column="sku_id" jdbcType="BIGINT"/>
            <result property="imgName" column="img_name" jdbcType="VARCHAR"/>
            <result property="imgUrl" column="img_url" jdbcType="VARCHAR"/>
            <result property="spuImgId" column="spu_img_id" jdbcType="BIGINT"/>
            <result property="isDefault" column="is_default" jdbcType="VARCHAR"/>
    </resultMap>

    <sql id="Base_Column_List">
        id,sku_id,img_name,
        img_url,spu_img_id,is_default
    </sql>
</mapper>
