<?xml version="1.0" encoding="UTF-8"?>
<!DOCTYPE mapper
        PUBLIC "-//mybatis.org//DTD Mapper 3.0//EN"
        "http://mybatis.org/dtd/mybatis-3-mapper.dtd">
<mapper namespace="com.atguigu.gmall.product.mapper.SpuInfoMapper">

    <resultMap id="BaseResultMap" type="com.atguigu.gmall.model.product.SpuInfo">
            <id property="id" column="id" jdbcType="BIGINT"/>
            <result property="spuName" column="spu_name" jdbcType="VARCHAR"/>
            <result property="description" column="description" jdbcType="VARCHAR"/>
            <result property="category3Id" column="category3_id" jdbcType="BIGINT"/>
            <result property="tmId" column="tm_id" jdbcType="BIGINT"/>
    </resultMap>

    <sql id="Base_Column_List">
        id,spu_name,description,
        category3_id,tm_id
    </sql>
</mapper>
