<?xml version="1.0" encoding="UTF-8"?>
<!DOCTYPE mapper
        PUBLIC "-//mybatis.org//DTD Mapper 3.0//EN"
        "http://mybatis.org/dtd/mybatis-3-mapper.dtd">
<mapper namespace="com.atguigu.gmall.product.mapper.SpuPosterMapper">

    <resultMap id="BaseResultMap" type="com.atguigu.gmall.model.product.SpuPoster">
            <id property="id" column="id" jdbcType="BIGINT"/>
            <result property="spuId" column="spu_id" jdbcType="BIGINT"/>
            <result property="imgName" column="img_name" jdbcType="VARCHAR"/>
            <result property="imgUrl" column="img_url" jdbcType="VARCHAR"/>
    </resultMap>

    <sql id="Base_Column_List">
        id,spu_id,img_name,
        img_url,create_time,update_time,
        is_deleted
    </sql>
</mapper>
