<?xml version="1.0" encoding="UTF-8"?>
<!DOCTYPE mapper
        PUBLIC "-//mybatis.org//DTD Mapper 3.0//EN"
        "http://mybatis.org/dtd/mybatis-3-mapper.dtd">
<mapper namespace="com.atguigu.gmall.product.mapper.SpuSaleAttrMapper">

    <resultMap id="BaseResultMap" type="com.atguigu.gmall.model.product.SpuSaleAttr">
            <id property="id" column="id" jdbcType="BIGINT"/>
            <result property="spuId" column="spu_id" jdbcType="BIGINT"/>
            <result property="baseSaleAttrId" column="base_sale_attr_id" jdbcType="BIGINT"/>
            <result property="saleAttrName" column="sale_attr_name" jdbcType="VARCHAR"/>
    </resultMap>

    <sql id="Base_Column_List">
        id,spu_id,base_sale_attr_id,
        sale_attr_name
    </sql>
</mapper>
